<?xml version="1.0" encoding="utf-8" ?>
<Students>
  <Student StudentID="A00111111" FirstName="Sam" LastName="Black" />
  <Student StudentID="A00222222" FirstName="Ben" LastName="Brown" />
  <Student StudentID="A00333333" FirstName="Joe" LastName="Green" />
  <Student StudentID="A00444444" FirstName="Jane" LastName="Baker" />
  <Student StudentID="A00555555" FirstName="Kim" LastName="Taylor" />
  <Student StudentID="A00666666" FirstName="Judy" LastName="Beeger" />
  <Student StudentID="A00777777" FirstName="Tom" LastName="Bell" />
  <Student StudentID="A00888888" FirstName="Kate" LastName="Wong" />
  <Student StudentID="A00999999" FirstName="Mike" LastName="Harris" />
  <Student StudentID="A00123456" FirstName="Suzy" LastName="Jones" />
</Students>
